,TF,target,importance
0,HLA-DRB4,HLA-DRB4,1.0
1,HLA-DQA1,HLA-DRB4,-0.6813250470309283
2,HLA-DQB1,HLA-DRB4,-0.8715946687067998
3,IL1R2,HLA-DRB4,-0.27049508520826265
4,IL32,HLA-DRB4,0.38519127218026944
5,FCER1A,HLA-DRB4,0.4853978537975865
6,IL8,HLA-DRB4,0.9788034524240584
7,LTF,HLA-DRB4,-0.3356625471140728
8,ARG1,HLA-DRB4,-0.3446601521407339
9,EGR1,HLA-DRB4,-0.027520938167459843
10,CHIT1,HLA-DRB4,-0.23381063336797475
11,CEACAM6,HLA-DRB4,-0.2742117955287657
12,PTGS2,HLA-DRB4,0.929266690211046
13,PTGDR2,HLA-DRB4,0.4465658159293042
14,IL3RA,HLA-DRB4,0.971029111235334
15,FLT3,HLA-DRB4,-0.4169567933307949
16,CEACAM8,HLA-DRB4,-0.3362940897313353
17,IDO1,HLA-DRB4,-0.08762103481097917
18,FN1,HLA-DRB4,-0.38057692820398376
19,FOS,HLA-DRB4,0.6947075585383217
20,C3AR1,HLA-DRB4,-0.5616691443417144
21,EGR2,HLA-DRB4,0.3337809891149719
22,USP9Y,HLA-DRB4,-0.25104832690643475
23,C1QB,HLA-DRB4,-0.5461114148371513
24,LCN2,HLA-DRB4,-0.18150882725324266
25,CXCL1,HLA-DRB4,0.8822594985201239
26,CTSG,HLA-DRB4,-0.27059283412335844
27,SPACA3,HLA-DRB4,-0.31259253059609543
28,CD27,HLA-DRB4,-0.34693186504552137
29,CAMP,HLA-DRB4,-0.2690656480398727
30,LRRN3,HLA-DRB4,-0.11080326175649212
31,IL1R1,HLA-DRB4,-0.001320658599838988
32,SLC11A1,HLA-DRB4,0.02361844609750615
33,F2RL1,HLA-DRB4,0.2573921321732589
34,SERPING1,HLA-DRB4,-0.06896664030977902
35,TCF7,HLA-DRB4,-0.31572252603450424
36,HLA-DRB4,HLA-DQA1,-0.6813250470309283
37,HLA-DQA1,HLA-DQA1,1.0
38,HLA-DQB1,HLA-DQA1,0.8045228418073844
39,IL1R2,HLA-DQA1,-0.4536928454494579
40,IL32,HLA-DQA1,-0.337471058979657
41,FCER1A,HLA-DQA1,0.2558950795714484
42,IL8,HLA-DQA1,-0.6718843773751402
43,LTF,HLA-DQA1,-0.2598150210884068
44,ARG1,HLA-DQA1,-0.3551691957635341
45,EGR1,HLA-DQA1,-0.5470973512849214
46,CHIT1,HLA-DQA1,-0.267603533735057
47,CEACAM6,HLA-DQA1,-0.2837929046746161
48,PTGS2,HLA-DQA1,-0.8743060929268598
49,PTGDR2,HLA-DQA1,0.08038105905397612
50,IL3RA,HLA-DQA1,-0.5027607704517182
51,FLT3,HLA-DQA1,-0.2312300781104198
52,CEACAM8,HLA-DQA1,-0.2514421107913838
53,IDO1,HLA-DQA1,0.7642627099651976
54,FN1,HLA-DQA1,-0.04678742359605115
55,FOS,HLA-DQA1,-0.9234351790395362
56,C3AR1,HLA-DQA1,0.23066088484706704
57,EGR2,HLA-DQA1,-0.4854896435367839
58,USP9Y,HLA-DQA1,-0.15532989384280474
59,C1QB,HLA-DQA1,0.6315272766720164
60,LCN2,HLA-DQA1,-0.4118535802561707
61,CXCL1,HLA-DQA1,-0.9299457449963442
62,CTSG,HLA-DQA1,-0.3686382331693344
63,SPACA3,HLA-DQA1,-0.08950998711701877
64,CD27,HLA-DQA1,0.8664078890519684
65,CAMP,HLA-DQA1,-0.3155713644727385
66,LRRN3,HLA-DQA1,0.6178096358203882
67,IL1R1,HLA-DQA1,-0.49584399775095594
68,SLC11A1,HLA-DQA1,-0.7305502708189515
69,F2RL1,HLA-DQA1,-0.8599574778560941
70,SERPING1,HLA-DQA1,0.7110173106787087
71,TCF7,HLA-DQA1,0.8820714782861175
72,HLA-DRB4,HLA-DQB1,-0.8715946687067998
73,HLA-DQA1,HLA-DQB1,0.8045228418073844
74,HLA-DQB1,HLA-DQB1,1.0
75,IL1R2,HLA-DQB1,-0.08772587027437838
76,IL32,HLA-DQB1,-0.05245567866155939
77,FCER1A,HLA-DQB1,-0.12738802795747595
78,IL8,HLA-DQB1,-0.8203422277088186
79,LTF,HLA-DQB1,-0.15997334452836653
80,ARG1,HLA-DQB1,-0.09797467483610972
81,EGR1,HLA-DQB1,-0.4431028386418872
82,CHIT1,HLA-DQB1,-0.27242384555999377
83,CEACAM6,HLA-DQB1,-0.2278240413646893
84,PTGS2,HLA-DQB1,-0.8902867337268765
85,PTGDR2,HLA-DQB1,-0.14657751567365954
86,IL3RA,HLA-DQB1,-0.7838084300402685
87,FLT3,HLA-DQB1,-0.0596250632100941
88,CEACAM8,HLA-DQB1,-0.16281292838132058
89,IDO1,HLA-DQB1,0.3952514959092559
90,FN1,HLA-DQB1,0.4624990097512527
91,FOS,HLA-DQB1,-0.9155932002908028
92,C3AR1,HLA-DQB1,0.7469061424046421
93,EGR2,HLA-DQB1,-0.3614442049530471
94,USP9Y,HLA-DQB1,-0.2504524270895647
95,C1QB,HLA-DQB1,0.2855856963469034
96,LCN2,HLA-DQB1,-0.3101560222885042
97,CXCL1,HLA-DQB1,-0.9243599339917437
98,CTSG,HLA-DQB1,-0.2060244835207241
99,SPACA3,HLA-DQB1,-0.18581985356707187
100,CD27,HLA-DQB1,0.6895160504466333
101,CAMP,HLA-DQB1,-0.22302894986072144
102,LRRN3,HLA-DQB1,0.5559894489508602
103,IL1R1,HLA-DQB1,-0.4817774789115701
104,SLC11A1,HLA-DQB1,-0.3571901828264831
105,F2RL1,HLA-DQB1,-0.5597492922674713
106,SERPING1,HLA-DQB1,0.4111839694229413
107,TCF7,HLA-DQB1,0.5663063977588911
108,HLA-DRB4,IL1R2,-0.27049508520826265
109,HLA-DQA1,IL1R2,-0.4536928454494579
110,HLA-DQB1,IL1R2,-0.08772587027437838
111,IL1R2,IL1R2,1.0
112,IL32,IL1R2,-0.3305339875163592
113,FCER1A,IL1R2,-0.972642704068389
114,IL8,IL1R2,-0.342473719044727
115,LTF,IL1R2,0.8312709302471103
116,ARG1,IL1R2,0.9588002537235576
117,EGR1,IL1R2,0.7400623320212478
118,CHIT1,IL1R2,0.7276442404412015
119,CEACAM6,IL1R2,0.7956764594241155
120,PTGS2,IL1R2,-0.030471241661823217
121,PTGDR2,IL1R2,-0.8719684738629994
122,IL3RA,IL1R2,-0.4884161865782197
123,FLT3,IL1R2,0.882298707337884
124,CEACAM8,IL1R2,0.8073840459630838
125,IDO1,IL1R2,-0.9200589581669028
126,FN1,IL1R2,0.5449773693835358
127,FOS,IL1R2,0.469230846081678
128,C3AR1,IL1R2,0.16754547966674
129,EGR2,IL1R2,-0.11561885752659362
130,USP9Y,IL1R2,0.617061418123476
131,C1QB,IL1R2,0.040190532643238186
132,LCN2,IL1R2,0.8418904489340862
133,CXCL1,IL1R2,0.11945785118309835
134,CTSG,IL1R2,0.9047188647395648
135,SPACA3,IL1R2,0.607883063685671
136,CD27,IL1R2,-0.675256099895875
137,CAMP,IL1R2,0.8499023092537238
138,LRRN3,IL1R2,-0.6443344012855611
139,IL1R1,IL1R2,0.7680675021191739
140,SLC11A1,IL1R2,0.8098570717574171
141,F2RL1,IL1R2,0.7114898747599347
142,SERPING1,IL1R2,-0.9406343662166329
143,TCF7,IL1R2,-0.6290163838789807
144,HLA-DRB4,IL32,0.38519127218026944
145,HLA-DQA1,IL32,-0.337471058979657
146,HLA-DQB1,IL32,-0.05245567866155939
147,IL1R2,IL32,-0.3305339875163592
148,IL32,IL32,1.0
149,FCER1A,IL32,0.3787260957960772
150,IL8,IL32,0.5334942065823751
151,LTF,IL32,-0.6277930762648892
152,ARG1,IL32,-0.4913164873464485
153,EGR1,IL32,-0.3479672964122921
154,CHIT1,IL32,-0.6605065016219526
155,CEACAM6,IL32,-0.6393586180977354
156,PTGS2,IL32,0.4969389669030597
157,PTGDR2,IL32,0.6216483760890326
158,IL3RA,IL32,0.398898536352842
159,FLT3,IL32,-0.5958309785708668
160,CEACAM8,IL32,-0.6195067046855556
161,IDO1,IL32,0.060366640534894135
162,FN1,IL32,0.14705454337921575
163,FOS,IL32,-0.010431372407337838
164,C3AR1,IL32,0.4593798216138376
165,EGR2,IL32,0.6345111902845213
166,USP9Y,IL32,-0.732384010296118
167,C1QB,IL32,-0.912844301715553
168,LCN2,IL32,-0.5534264785382214
169,CXCL1,IL32,0.3924196561980844
170,CTSG,IL32,-0.5617471577231751
171,SPACA3,IL32,-0.7605658905867619
172,CD27,IL32,-0.003211267943465563
173,CAMP,IL32,-0.6331254207411178
174,LRRN3,IL32,0.26132836125380154
175,IL1R1,IL32,-0.558085175979929
176,SLC11A1,IL32,0.07573059338012927
177,F2RL1,IL32,0.14632884873018245
178,SERPING1,IL32,0.22218081354439626
179,TCF7,IL32,-0.2770439026466567
180,HLA-DRB4,FCER1A,0.4853978537975865
181,HLA-DQA1,FCER1A,0.2558950795714484
182,HLA-DQB1,FCER1A,-0.12738802795747595
183,IL1R2,FCER1A,-0.972642704068389
184,IL32,FCER1A,0.3787260957960772
185,FCER1A,FCER1A,1.0
186,IL8,FCER1A,0.5410962365754977
187,LTF,FCER1A,-0.8379663574810844
188,ARG1,FCER1A,-0.9548260673731884
189,EGR1,FCER1A,-0.6883028297035572
190,CHIT1,FCER1A,-0.7199074861880536
191,CEACAM6,FCER1A,-0.7910197963884814
192,PTGS2,FCER1A,0.24332539641545325
193,PTGDR2,FCER1A,0.8875740028328555
194,IL3RA,FCER1A,0.6761626971319008
195,FLT3,FCER1A,-0.90340170192365
196,CEACAM8,FCER1A,-0.8174019815308593
197,IDO1,FCER1A,0.8183369350150507
198,FN1,FCER1A,-0.5794421091274392
199,FOS,FCER1A,-0.26104071131581325
200,C3AR1,FCER1A,-0.29196296422516216
201,EGR2,FCER1A,0.16105831077735822
202,USP9Y,FCER1A,-0.6227407680338921
203,C1QB,FCER1A,-0.15795594380544753
204,LCN2,FCER1A,-0.8114567428777173
205,CXCL1,FCER1A,0.09585660342780693
206,CTSG,FCER1A,-0.8881813136384082
207,SPACA3,FCER1A,-0.6286340872032599
208,CD27,FCER1A,0.5406164892732563
209,CAMP,FCER1A,-0.8375330203673357
210,LRRN3,FCER1A,0.5698564389915547
211,IL1R1,FCER1A,-0.7000476179663544
212,SLC11A1,FCER1A,-0.7429434021482407
213,F2RL1,FCER1A,-0.5973821766876234
214,SERPING1,FCER1A,0.8380104956874213
215,TCF7,FCER1A,0.5102992767020141
216,HLA-DRB4,IL8,0.9788034524240584
217,HLA-DQA1,IL8,-0.6718843773751402
218,HLA-DQB1,IL8,-0.8203422277088186
219,IL1R2,IL8,-0.342473719044727
220,IL32,IL8,0.5334942065823751
221,FCER1A,IL8,0.5410962365754977
222,IL8,IL8,1.0
223,LTF,IL8,-0.4010277614401975
224,ARG1,IL8,-0.41223858876058
225,EGR1,IL8,-0.04832020705344443
226,CHIT1,IL8,-0.2999230171966995
227,CEACAM6,IL8,-0.3419539686041278
228,PTGS2,IL8,0.945177535732294
229,PTGDR2,IL8,0.5807070098153373
230,IL3RA,IL8,0.9675043773682186
231,FLT3,IL8,-0.4794026762624435
232,CEACAM8,IL8,-0.3942486949287288
233,IDO1,IL8,-0.03983142452320432
234,FN1,IL8,-0.4121058033712774
235,FOS,IL8,0.6245542337975399
236,C3AR1,IL8,-0.468685325783155
237,EGR2,IL8,0.4970482795103177
238,USP9Y,IL8,-0.31957438233292546
239,C1QB,IL8,-0.6351524814205021
240,LCN2,IL8,-0.2478852850615296
241,CXCL1,IL8,0.8838899416418503
242,CTSG,IL8,-0.3444100476968058
243,SPACA3,IL8,-0.3813825823275785
244,CD27,IL8,-0.3376701013248909
245,CAMP,IL8,-0.3480221997039629
246,LRRN3,IL8,-0.10220182590286198
247,IL1R1,IL8,-0.08217078385737504
248,SLC11A1,IL8,0.04794424767777868
249,F2RL1,IL8,0.27639920984309857
250,SERPING1,IL8,0.010477061374533737
251,TCF7,IL8,-0.3559820556305526
252,HLA-DRB4,LTF,-0.3356625471140728
253,HLA-DQA1,LTF,-0.2598150210884068
254,HLA-DQB1,LTF,-0.15997334452836653
255,IL1R2,LTF,0.8312709302471103
256,IL32,LTF,-0.6277930762648892
257,FCER1A,LTF,-0.8379663574810844
258,IL8,LTF,-0.4010277614401975
259,LTF,LTF,1.0
260,ARG1,LTF,0.9537708361824142
261,EGR1,LTF,0.9140471763196087
262,CHIT1,LTF,0.9816837512823352
263,CEACAM6,LTF,0.9961587003958874
264,PTGS2,LTF,-0.13324553375218862
265,PTGDR2,LTF,-0.7244051380731233
266,IL3RA,LTF,-0.4814769193523065
267,FLT3,LTF,0.9900286548637828
268,CEACAM8,LTF,0.9986470955107364
269,IDO1,LTF,-0.7069152844499269
270,FN1,LTF,0.04742976305447712
271,FOS,LTF,0.4146347318847462
272,C3AR1,LTF,-0.20289970842859892
273,EGR2,LTF,-0.0200775132517566
274,USP9Y,LTF,0.946640416522604
275,C1QB,LTF,0.449639589017867
276,LCN2,LTF,0.986011437474038
277,CXCL1,LTF,0.03364915593602312
278,CTSG,LTF,0.9863174627271905
279,SPACA3,LTF,0.943847237724782
280,CD27,LTF,-0.6753785079129199
281,CAMP,LTF,0.9955504867045591
282,LRRN3,LTF,-0.8397922119914835
283,IL1R1,LTF,0.941612977818106
284,SLC11A1,LTF,0.7181338189609097
285,F2RL1,LTF,0.628594365145854
286,SERPING1,LTF,-0.767860016531246
287,TCF7,LTF,-0.5229257081293658
288,HLA-DRB4,ARG1,-0.3446601521407339
289,HLA-DQA1,ARG1,-0.3551691957635341
290,HLA-DQB1,ARG1,-0.09797467483610972
291,IL1R2,ARG1,0.9588002537235576
292,IL32,ARG1,-0.4913164873464485
293,FCER1A,ARG1,-0.9548260673731884
294,IL8,ARG1,-0.41223858876058
295,LTF,ARG1,0.9537708361824142
296,ARG1,ARG1,1.0
297,EGR1,ARG1,0.8561561465056041
298,CHIT1,ARG1,0.8854176072665928
299,CEACAM6,ARG1,0.9305766207815882
300,PTGS2,ARG1,-0.1085081293136166
301,PTGDR2,ARG1,-0.8361307614217274
302,IL3RA,ARG1,-0.5332895397054273
303,FLT3,ARG1,0.9790716160016156
304,CEACAM8,ARG1,0.9407561724138296
305,IDO1,ARG1,-0.8450633344829472
306,FN1,ARG1,0.3277478799657875
307,FOS,ARG1,0.4354503863142801
308,C3AR1,ARG1,0.013547694332567849
309,EGR2,ARG1,-0.06914733673574695
310,USP9Y,ARG1,0.8082611258200887
311,C1QB,ARG1,0.254463556783784
312,LCN2,ARG1,0.9480230065973504
313,CXCL1,ARG1,0.05621066361366327
314,CTSG,ARG1,0.9842334546482016
315,SPACA3,ARG1,0.8036470211415739
316,CD27,ARG1,-0.6921614062998903
317,CAMP,ARG1,0.9586348373412206
318,LRRN3,ARG1,-0.7642045050048949
319,IL1R1,ARG1,0.8794635313531667
320,SLC11A1,ARG1,0.7985617653943586
321,F2RL1,ARG1,0.6933821973726373
322,SERPING1,ARG1,-0.8845732789654414
323,TCF7,ARG1,-0.5960115173405898
324,HLA-DRB4,EGR1,-0.027520938167459843
325,HLA-DQA1,EGR1,-0.5470973512849214
326,HLA-DQB1,EGR1,-0.4431028386418872
327,IL1R2,EGR1,0.7400623320212478
328,IL32,EGR1,-0.3479672964122921
329,FCER1A,EGR1,-0.6883028297035572
330,IL8,EGR1,-0.04832020705344443
331,LTF,EGR1,0.9140471763196087
332,ARG1,EGR1,0.8561561465056041
333,EGR1,EGR1,1.0
334,CHIT1,EGR1,0.9305938116131908
335,CEACAM6,EGR1,0.9296124042793138
336,PTGS2,EGR1,0.2306722781930756
337,PTGDR2,EGR1,-0.459156912167419
338,IL3RA,EGR1,-0.1798149325653783
339,FLT3,EGR1,0.8761255550562008
340,CEACAM8,EGR1,0.9228967200426464
341,IDO1,EGR1,-0.7721342402925628
342,FN1,EGR1,-0.13439003484027934
343,FOS,EGR1,0.6388280828137947
344,C3AR1,EGR1,-0.3088297049977117
345,EGR2,EGR1,0.34376066518752685
346,USP9Y,EGR1,0.8797712531452736
347,C1QB,EGR1,0.16834822495364307
348,LCN2,EGR1,0.9562979493120743
349,CXCL1,EGR1,0.38186841689479
350,CTSG,EGR1,0.911957493615852
351,SPACA3,EGR1,0.8524011857443119
352,CD27,EGR1,-0.8906373293004051
353,CAMP,EGR1,0.9149925450758936
354,LRRN3,EGR1,-0.9863094505331412
355,IL1R1,EGR1,0.9537381117655626
356,SLC11A1,EGR1,0.8646176298115767
357,F2RL1,EGR1,0.8448111278381184
358,SERPING1,EGR1,-0.7878045547813928
359,TCF7,EGR1,-0.7780696062310508
360,HLA-DRB4,CHIT1,-0.23381063336797475
361,HLA-DQA1,CHIT1,-0.267603533735057
362,HLA-DQB1,CHIT1,-0.27242384555999377
363,IL1R2,CHIT1,0.7276442404412015
364,IL32,CHIT1,-0.6605065016219526
365,FCER1A,CHIT1,-0.7199074861880536
366,IL8,CHIT1,-0.2999230171966995
367,LTF,CHIT1,0.9816837512823352
368,ARG1,CHIT1,0.8854176072665928
369,EGR1,CHIT1,0.9305938116131908
370,CHIT1,CHIT1,1.0
371,CEACAM6,CHIT1,0.9940377530562556
372,PTGS2,CHIT1,-0.05967387139449501
373,PTGDR2,CHIT1,-0.6159068785065838
374,IL3RA,CHIT1,-0.357545822822863
375,FLT3,CHIT1,0.9452814629353504
376,CEACAM8,CHIT1,0.9864282373698168
377,IDO1,CHIT1,-0.6316811122094632
378,FN1,CHIT1,-0.1388123733655698
379,FOS,CHIT1,0.4630233666130452
380,C3AR1,CHIT1,-0.3704963067888977
381,EGR2,CHIT1,0.03391652428819132
382,USP9Y,CHIT1,0.9866320755673902
383,C1QB,CHIT1,0.5004435794737531
384,LCN2,CHIT1,0.9776323934316724
385,CXCL1,CHIT1,0.10207422566367144
386,CTSG,CHIT1,0.9505270746774328
387,SPACA3,CHIT1,0.9792083938439412
388,CD27,CHIT1,-0.6890957592684729
389,CAMP,CHIT1,0.9786780609135268
390,LRRN3,CHIT1,-0.8793700566618149
391,IL1R1,CHIT1,0.963752745583281
392,SLC11A1,CHIT1,0.6664883576688784
393,F2RL1,CHIT1,0.6082244229739903
394,SERPING1,CHIT1,-0.7023056162493363
395,TCF7,CHIT1,-0.5044482517887056
396,HLA-DRB4,CEACAM6,-0.2742117955287657
397,HLA-DQA1,CEACAM6,-0.2837929046746161
398,HLA-DQB1,CEACAM6,-0.2278240413646893
399,IL1R2,CEACAM6,0.7956764594241155
400,IL32,CEACAM6,-0.6393586180977354
401,FCER1A,CEACAM6,-0.7910197963884814
402,IL8,CEACAM6,-0.3419539686041278
403,LTF,CEACAM6,0.9961587003958874
404,ARG1,CEACAM6,0.9305766207815882
405,EGR1,CEACAM6,0.9296124042793138
406,CHIT1,CEACAM6,0.9940377530562556
407,CEACAM6,CEACAM6,1.0
408,PTGS2,CEACAM6,-0.08281051533392234
409,PTGDR2,CEACAM6,-0.6824053730868299
410,IL3RA,CEACAM6,-0.41445975448519534
411,FLT3,CEACAM6,0.9740009813047464
412,CEACAM8,CEACAM6,0.9969024353932342
413,IDO1,CEACAM6,-0.689638599358692
414,FN1,CEACAM6,-0.031042958084169507
415,FOS,CEACAM6,0.4569621970563441
416,C3AR1,CEACAM6,-0.284360707161797
417,EGR2,CEACAM6,0.005496465559237064
418,USP9Y,CEACAM6,0.9662972659538964
419,C1QB,CEACAM6,0.4606059714225529
420,LCN2,CEACAM6,0.9898493731333076
421,CXCL1,CEACAM6,0.08297007178399843
422,CTSG,CEACAM6,0.9777105013732345
423,SPACA3,CEACAM6,0.9601150407838738
424,CD27,CEACAM6,-0.6970847899640411
425,CAMP,CEACAM6,0.9942413699528828
426,LRRN3,CEACAM6,-0.8665982104846548
427,IL1R1,CEACAM6,0.9614441866525376
428,SLC11A1,CEACAM6,0.7066448801230091
429,F2RL1,CEACAM6,0.6341454459730301
430,SERPING1,CEACAM6,-0.7549727547415007
431,TCF7,CEACAM6,-0.5291906464519557
432,HLA-DRB4,PTGS2,0.929266690211046
433,HLA-DQA1,PTGS2,-0.8743060929268598
434,HLA-DQB1,PTGS2,-0.8902867337268765
435,IL1R2,PTGS2,-0.030471241661823217
436,IL32,PTGS2,0.4969389669030597
437,FCER1A,PTGS2,0.24332539641545325
438,IL8,PTGS2,0.945177535732294
439,LTF,PTGS2,-0.13324553375218862
440,ARG1,PTGS2,-0.1085081293136166
441,EGR1,PTGS2,0.2306722781930756
442,CHIT1,PTGS2,-0.05967387139449501
443,CEACAM6,PTGS2,-0.08281051533392234
444,PTGS2,PTGS2,1.0
445,PTGDR2,PTGS2,0.36217734919355743
446,IL3RA,PTGS2,0.8471806711469181
447,FLT3,PTGS2,-0.19998964945923972
448,CEACAM8,PTGS2,-0.13015809067847414
449,IDO1,PTGS2,-0.3565824633553292
450,FN1,PTGS2,-0.2789959430835922
451,FOS,PTGS2,0.8092629500824601
452,C3AR1,PTGS2,-0.4157944157205682
453,EGR2,PTGS2,0.5711272277272633
454,USP9Y,PTGS2,-0.11922891348663055
455,C1QB,PTGS2,-0.680846384318388
456,LCN2,PTGS2,0.032493318042309934
457,CXCL1,PTGS2,0.9857512640858144
458,CTSG,PTGS2,-0.054199668356676174
459,SPACA3,PTGS2,-0.1885215977790957
460,CD27,PTGS2,-0.6133918084928757
461,CAMP,PTGS2,-0.07740744586335338
462,LRRN3,PTGS2,-0.3623055342479589
463,IL1R1,PTGS2,0.17646644460608005
464,SLC11A1,PTGS2,0.3652378069448126
465,F2RL1,PTGS2,0.5700365314728357
466,SERPING1,PTGS2,-0.29802464888142804
467,TCF7,PTGS2,-0.6324415169938571
468,HLA-DRB4,PTGDR2,0.4465658159293042
469,HLA-DQA1,PTGDR2,0.08038105905397612
470,HLA-DQB1,PTGDR2,-0.14657751567365954
471,IL1R2,PTGDR2,-0.8719684738629994
472,IL32,PTGDR2,0.6216483760890326
473,FCER1A,PTGDR2,0.8875740028328555
474,IL8,PTGDR2,0.5807070098153373
475,LTF,PTGDR2,-0.7244051380731233
476,ARG1,PTGDR2,-0.8361307614217274
477,EGR1,PTGDR2,-0.459156912167419
478,CHIT1,PTGDR2,-0.6159068785065838
479,CEACAM6,PTGDR2,-0.6824053730868299
480,PTGS2,PTGDR2,0.36217734919355743
481,PTGDR2,PTGDR2,1.0
482,IL3RA,PTGDR2,0.6164280746875488
483,FLT3,PTGDR2,-0.7859799446575653
484,CEACAM8,PTGDR2,-0.689707260794901
485,IDO1,PTGDR2,0.6515500318992546
486,FN1,PTGDR2,-0.6070801390076171
487,FOS,PTGDR2,-0.20245398846293536
488,C3AR1,PTGDR2,-0.13992499250823767
489,EGR2,PTGDR2,0.57959982673187
490,USP9Y,PTGDR2,-0.5505021000702794
491,C1QB,PTGDR2,-0.3523249283677022
492,LCN2,PTGDR2,-0.6832025261795379
493,CXCL1,PTGDR2,0.22819313606304745
494,CTSG,PTGDR2,-0.7787083947640906
495,SPACA3,PTGDR2,-0.5662107358471935
496,CD27,PTGDR2,0.29304320623744595
497,CAMP,PTGDR2,-0.7474551105742205
498,LRRN3,PTGDR2,0.3231565223119636
499,IL1R1,PTGDR2,-0.6059877153576672
500,SLC11A1,PTGDR2,-0.4216987383370806
501,F2RL1,PTGDR2,-0.2936618052413586
502,SERPING1,PTGDR2,0.7368392485259629
503,TCF7,PTGDR2,0.17979543440338974
504,HLA-DRB4,IL3RA,0.971029111235334
505,HLA-DQA1,IL3RA,-0.5027607704517182
506,HLA-DQB1,IL3RA,-0.7838084300402685
507,IL1R2,IL3RA,-0.4884161865782197
508,IL32,IL3RA,0.398898536352842
509,FCER1A,IL3RA,0.6761626971319008
510,IL8,IL3RA,0.9675043773682186
511,LTF,IL3RA,-0.4814769193523065
512,ARG1,IL3RA,-0.5332895397054273
513,EGR1,IL3RA,-0.1798149325653783
514,CHIT1,IL3RA,-0.357545822822863
515,CEACAM6,IL3RA,-0.41445975448519534
516,PTGS2,IL3RA,0.8471806711469181
517,PTGDR2,IL3RA,0.6164280746875488
518,IL3RA,IL3RA,1.0
519,FLT3,IL3RA,-0.5726071884604425
520,CEACAM8,IL3RA,-0.4749190405754097
521,IDO1,IL3RA,0.147209965770358
522,FN1,IL3RA,-0.5131032625562972
523,FOS,IL3RA,0.5247093681785326
524,C3AR1,IL3RA,-0.5850499790310132
525,EGR2,IL3RA,0.3347954633410034
526,USP9Y,IL3RA,-0.3416077973057103
527,C1QB,IL3RA,-0.4717583889561748
528,LCN2,IL3RA,-0.3450572031869296
529,CXCL1,IL3RA,0.7716617445785671
530,CTSG,IL3RA,-0.4458427960298417
531,SPACA3,IL3RA,-0.3952057590049631
532,CD27,IL3RA,-0.1624730986092048
533,CAMP,IL3RA,-0.4264193394667961
534,LRRN3,IL3RA,0.03003001087936218
535,IL1R1,IL3RA,-0.16061986615622528
536,SLC11A1,IL3RA,-0.17241116603759135
537,F2RL1,IL3RA,0.06465164512818798
538,SERPING1,IL3RA,0.16472406037137724
539,TCF7,IL3RA,-0.1343355087952647
540,HLA-DRB4,FLT3,-0.4169567933307949
541,HLA-DQA1,FLT3,-0.2312300781104198
542,HLA-DQB1,FLT3,-0.0596250632100941
543,IL1R2,FLT3,0.882298707337884
544,IL32,FLT3,-0.5958309785708668
545,FCER1A,FLT3,-0.90340170192365
546,IL8,FLT3,-0.4794026762624435
547,LTF,FLT3,0.9900286548637828
548,ARG1,FLT3,0.9790716160016156
549,EGR1,FLT3,0.8761255550562008
550,CHIT1,FLT3,0.9452814629353504
551,CEACAM6,FLT3,0.9740009813047464
552,PTGS2,FLT3,-0.19998964945923972
553,PTGDR2,FLT3,-0.7859799446575653
554,IL3RA,FLT3,-0.5726071884604425
555,FLT3,FLT3,1.0
556,CEACAM8,FLT3,0.984621798511925
557,IDO1,FLT3,-0.7343731062179675
558,FN1,FLT3,0.1800685060914787
559,FOS,FLT3,0.3538135206330328
560,C3AR1,FLT3,-0.07124979740080863
561,EGR2,FLT3,-0.06354684141629552
562,USP9Y,FLT3,0.8970958536109671
563,C1QB,FLT3,0.4144802974577904
564,LCN2,FLT3,0.9662531650907248
565,CXCL1,FLT3,-0.033556077685415533
566,CTSG,FLT3,0.9870382270185174
567,SPACA3,FLT3,0.8989082068393675
568,CD27,FLT3,-0.6379670121219653
569,CAMP,FLT3,0.9832298409325714
570,LRRN3,FLT3,-0.7854313121511668
571,IL1R1,FLT3,0.8985423676759167
572,SLC11A1,FLT3,0.7307903750740339
573,F2RL1,FLT3,0.6175543237609677
574,SERPING1,FLT3,-0.7874213549319476
575,TCF7,FLT3,-0.5124366281754251
576,HLA-DRB4,CEACAM8,-0.3362940897313353
577,HLA-DQA1,CEACAM8,-0.2514421107913838
578,HLA-DQB1,CEACAM8,-0.16281292838132058
579,IL1R2,CEACAM8,0.8073840459630838
580,IL32,CEACAM8,-0.6195067046855556
581,FCER1A,CEACAM8,-0.8174019815308593
582,IL8,CEACAM8,-0.3942486949287288
583,LTF,CEACAM8,0.9986470955107364
584,ARG1,CEACAM8,0.9407561724138296
585,EGR1,CEACAM8,0.9228967200426464
586,CHIT1,CEACAM8,0.9864282373698168
587,CEACAM6,CEACAM8,0.9969024353932342
588,PTGS2,CEACAM8,-0.13015809067847414
589,PTGDR2,CEACAM8,-0.689707260794901
590,IL3RA,CEACAM8,-0.4749190405754097
591,FLT3,CEACAM8,0.984621798511925
592,CEACAM8,CEACAM8,1.0
593,IDO1,CEACAM8,-0.6868830833946125
594,FN1,CEACAM8,0.007277888017170496
595,FOS,CEACAM8,0.4051524973803405
596,C3AR1,CEACAM8,-0.2153930300720052
597,EGR2,CEACAM8,0.01653077602944597
598,USP9Y,CEACAM8,0.9556253403399559
599,C1QB,CEACAM8,0.457160338390909
600,LCN2,CEACAM8,0.9840743627150542
601,CXCL1,CEACAM8,0.035285711374352886
602,CTSG,CEACAM8,0.9784122007338056
603,SPACA3,CEACAM8,0.952717171838769
604,CD27,CEACAM8,-0.6775613654466549
605,CAMP,CEACAM8,0.9908984087136221
606,LRRN3,CEACAM8,-0.8530534966129235
607,IL1R1,CEACAM8,0.9404037203426856
608,SLC11A1,CEACAM8,0.7177517313850926
609,F2RL1,CEACAM8,0.6295272412906892
610,SERPING1,CEACAM8,-0.7449525898238778
611,TCF7,CEACAM8,-0.5262889111837633
612,HLA-DRB4,IDO1,-0.08762103481097917
613,HLA-DQA1,IDO1,0.7642627099651976
614,HLA-DQB1,IDO1,0.3952514959092559
615,IL1R2,IDO1,-0.9200589581669028
616,IL32,IDO1,0.060366640534894135
617,FCER1A,IDO1,0.8183369350150507
618,IL8,IDO1,-0.03983142452320432
619,LTF,IDO1,-0.7069152844499269
620,ARG1,IDO1,-0.8450633344829472
621,EGR1,IDO1,-0.7721342402925628
622,CHIT1,IDO1,-0.6316811122094632
623,CEACAM6,IDO1,-0.689638599358692
624,PTGS2,IDO1,-0.3565824633553292
625,PTGDR2,IDO1,0.6515500318992546
626,IL3RA,IDO1,0.147209965770358
627,FLT3,IDO1,-0.7343731062179675
628,CEACAM8,IDO1,-0.6868830833946125
629,IDO1,IDO1,1.0
630,FN1,IDO1,-0.4261567522335046
631,FOS,IDO1,-0.7263850682277835
632,C3AR1,IDO1,-0.05418638312398832
633,EGR2,IDO1,-0.15670775868820253
634,USP9Y,IDO1,-0.4998708856078593
635,C1QB,IDO1,0.2687570296415348
636,LCN2,IDO1,-0.7799770687828071
637,CXCL1,IDO1,-0.4875543444584896
638,CTSG,IDO1,-0.8076009445079372
639,SPACA3,IDO1,-0.464787923714156
640,CD27,IDO1,0.8668811978718198
641,CAMP,IDO1,-0.7419118887188975
642,LRRN3,IDO1,0.7338837392677893
643,IL1R1,IDO1,-0.7573916616406924
644,SLC11A1,IDO1,-0.9178763107117948
645,F2RL1,IDO1,-0.8990500188111497
646,SERPING1,IDO1,0.9844639836388356
647,TCF7,IDO1,0.8528360268352002
648,HLA-DRB4,FN1,-0.38057692820398376
649,HLA-DQA1,FN1,-0.04678742359605115
650,HLA-DQB1,FN1,0.4624990097512527
651,IL1R2,FN1,0.5449773693835358
652,IL32,FN1,0.14705454337921575
653,FCER1A,FN1,-0.5794421091274392
654,IL8,FN1,-0.4121058033712774
655,LTF,FN1,0.04742976305447712
656,ARG1,FN1,0.3277478799657875
657,EGR1,FN1,-0.13439003484027934
658,CHIT1,FN1,-0.1388123733655698
659,CEACAM6,FN1,-0.031042958084169507
660,PTGS2,FN1,-0.2789959430835922
661,PTGDR2,FN1,-0.6070801390076171
662,IL3RA,FN1,-0.5131032625562972
663,FLT3,FN1,0.1800685060914787
664,CEACAM8,FN1,0.007277888017170496
665,IDO1,FN1,-0.4261567522335046
666,FN1,FN1,1.0
667,FOS,FN1,-0.13299817328389282
668,C3AR1,FN1,0.7786638619353823
669,EGR2,FN1,-0.3907970406507716
670,USP9Y,FN1,-0.25693281878715
671,C1QB,FN1,-0.3104485518772795
672,LCN2,FN1,0.01634582161691811
673,CXCL1,FN1,-0.2553070953028654
674,CTSG,FN1,0.1616150062920772
675,SPACA3,FN1,-0.2397546716628969
676,CD27,FN1,0.060072088515177376
677,CAMP,FN1,0.06104795980182388
678,LRRN3,FN1,0.2478670660834029
679,IL1R1,FN1,-0.11131801320578599
680,SLC11A1,FN1,0.22335785219517715
681,F2RL1,FN1,0.09409306044071987
682,SERPING1,FN1,-0.3935250330771783
683,TCF7,FN1,-0.08018897317050631
684,HLA-DRB4,FOS,0.6947075585383217
685,HLA-DQA1,FOS,-0.9234351790395362
686,HLA-DQB1,FOS,-0.9155932002908028
687,IL1R2,FOS,0.469230846081678
688,IL32,FOS,-0.010431372407337838
689,FCER1A,FOS,-0.26104071131581325
690,IL8,FOS,0.6245542337975399
691,LTF,FOS,0.4146347318847462
692,ARG1,FOS,0.4354503863142801
693,EGR1,FOS,0.6388280828137947
694,CHIT1,FOS,0.4630233666130452
695,CEACAM6,FOS,0.4569621970563441
696,PTGS2,FOS,0.8092629500824601
697,PTGDR2,FOS,-0.20245398846293536
698,IL3RA,FOS,0.5247093681785326
699,FLT3,FOS,0.3538135206330328
700,CEACAM8,FOS,0.4051524973803405
701,IDO1,FOS,-0.7263850682277835
702,FN1,FOS,-0.13299817328389282
703,FOS,FOS,1.0
704,C3AR1,FOS,-0.5390914252403742
705,EGR2,FOS,0.28008994196847986
706,USP9Y,FOS,0.38940540706670257
707,C1QB,FOS,-0.32042120278844105
708,LCN2,FOS,0.5578812197379891
709,CXCL1,FOS,0.8908609294564414
710,CTSG,FOS,0.4973824346293094
711,SPACA3,FOS,0.3267329033084048
712,CD27,FOS,-0.8678062774589436
713,CAMP,FOS,0.4810788623644159
714,LRRN3,FOS,-0.7026093021946084
715,IL1R1,FOS,0.6789687823148787
716,SLC11A1,FOS,0.6367505846999202
717,F2RL1,FOS,0.7809952233763147
718,SERPING1,FOS,-0.7386638251670888
719,TCF7,FOS,-0.7623976814757095
720,HLA-DRB4,C3AR1,-0.5616691443417144
721,HLA-DQA1,C3AR1,0.23066088484706704
722,HLA-DQB1,C3AR1,0.7469061424046421
723,IL1R2,C3AR1,0.16754547966674
724,IL32,C3AR1,0.4593798216138376
725,FCER1A,C3AR1,-0.29196296422516216
726,IL8,C3AR1,-0.468685325783155
727,LTF,C3AR1,-0.20289970842859892
728,ARG1,C3AR1,0.013547694332567849
729,EGR1,C3AR1,-0.3088297049977117
730,CHIT1,C3AR1,-0.3704963067888977
731,CEACAM6,C3AR1,-0.284360707161797
732,PTGS2,C3AR1,-0.4157944157205682
733,PTGDR2,C3AR1,-0.13992499250823767
734,IL3RA,C3AR1,-0.5850499790310132
735,FLT3,C3AR1,-0.07124979740080863
736,CEACAM8,C3AR1,-0.2153930300720052
737,IDO1,C3AR1,-0.05418638312398832
738,FN1,C3AR1,0.7786638619353823
739,FOS,C3AR1,-0.5390914252403742
740,C3AR1,C3AR1,1.0
741,EGR2,C3AR1,-0.006301830949838042
742,USP9Y,C3AR1,-0.4534385294302738
743,C1QB,C3AR1,-0.3652970318953638
744,LCN2,C3AR1,-0.2704364756748625
745,CXCL1,C3AR1,-0.4482468306827466
746,CTSG,C3AR1,-0.15303143260796825
747,SPACA3,C3AR1,-0.4229119314956321
748,CD27,C3AR1,0.2903156151684493
749,CAMP,C3AR1,-0.24264510162296754
750,LRRN3,C3AR1,0.3919303565359201
751,IL1R1,C3AR1,-0.4437436812851997
752,SLC11A1,C3AR1,0.0859550249844901
753,F2RL1,C3AR1,-0.07442998579409707
754,SERPING1,C3AR1,0.04972380461079741
755,TCF7,C3AR1,0.032893802665505886
756,HLA-DRB4,EGR2,0.3337809891149719
757,HLA-DQA1,EGR2,-0.4854896435367839
758,HLA-DQB1,EGR2,-0.3614442049530471
759,IL1R2,EGR2,-0.11561885752659362
760,IL32,EGR2,0.6345111902845213
761,FCER1A,EGR2,0.16105831077735822
762,IL8,EGR2,0.4970482795103177
763,LTF,EGR2,-0.0200775132517566
764,ARG1,EGR2,-0.06914733673574695
765,EGR1,EGR2,0.34376066518752685
766,CHIT1,EGR2,0.03391652428819132
767,CEACAM6,EGR2,0.005496465559237064
768,PTGS2,EGR2,0.5711272277272633
769,PTGDR2,EGR2,0.57959982673187
770,IL3RA,EGR2,0.3347954633410034
771,FLT3,EGR2,-0.06354684141629552
772,CEACAM8,EGR2,0.01653077602944597
773,IDO1,EGR2,-0.15670775868820253
774,FN1,EGR2,-0.3907970406507716
775,FOS,EGR2,0.28008994196847986
776,C3AR1,EGR2,-0.006301830949838042
777,EGR2,EGR2,1.0
778,USP9Y,EGR2,-0.001495305249325016
779,C1QB,EGR2,-0.5232360107307
780,LCN2,EGR2,0.060332217287644964
781,CXCL1,EGR2,0.5560676800241717
782,CTSG,EGR2,-0.033736411832447036
783,SPACA3,EGR2,-0.04122125387263703
784,CD27,EGR2,-0.4999457989408147
785,CAMP,EGR2,-0.049844269061676015
786,LRRN3,EGR2,-0.4521625215454863
787,IL1R1,EGR2,0.07845886648781736
788,SLC11A1,EGR2,0.4843299643951164
789,F2RL1,EGR2,0.5564524397552256
790,SERPING1,EGR2,-0.022417651702046255
791,TCF7,EGR2,-0.6426033099902227
792,HLA-DRB4,USP9Y,-0.25104832690643475
793,HLA-DQA1,USP9Y,-0.15532989384280474
794,HLA-DQB1,USP9Y,-0.2504524270895647
795,IL1R2,USP9Y,0.617061418123476
796,IL32,USP9Y,-0.732384010296118
797,FCER1A,USP9Y,-0.6227407680338921
798,IL8,USP9Y,-0.31957438233292546
799,LTF,USP9Y,0.946640416522604
800,ARG1,USP9Y,0.8082611258200887
801,EGR1,USP9Y,0.8797712531452736
802,CHIT1,USP9Y,0.9866320755673902
803,CEACAM6,USP9Y,0.9662972659538964
804,PTGS2,USP9Y,-0.11922891348663055
805,PTGDR2,USP9Y,-0.5505021000702794
806,IL3RA,USP9Y,-0.3416077973057103
807,FLT3,USP9Y,0.8970958536109671
808,CEACAM8,USP9Y,0.9556253403399559
809,IDO1,USP9Y,-0.4998708856078593
810,FN1,USP9Y,-0.25693281878715
811,FOS,USP9Y,0.38940540706670257
812,C3AR1,USP9Y,-0.4534385294302738
813,EGR2,USP9Y,-0.001495305249325016
814,USP9Y,USP9Y,1.0
815,C1QB,USP9Y,0.6137771614511425
816,LCN2,USP9Y,0.9307530085129158
817,CXCL1,USP9Y,0.034159380898664334
818,CTSG,USP9Y,0.8923686843088884
819,SPACA3,USP9Y,0.9975234088828404
820,CD27,USP9Y,-0.5973330053015311
821,CAMP,USP9Y,0.9388447523535174
822,LRRN3,USP9Y,-0.8333568301225274
823,IL1R1,USP9Y,0.9266319369904598
824,SLC11A1,USP9Y,0.5483037023449274
825,F2RL1,USP9Y,0.4941469130297166
826,SERPING1,USP9Y,-0.5850919122066873
827,TCF7,USP9Y,-0.3871962166793559
828,HLA-DRB4,C1QB,-0.5461114148371513
829,HLA-DQA1,C1QB,0.6315272766720164
830,HLA-DQB1,C1QB,0.2855856963469034
831,IL1R2,C1QB,0.040190532643238186
832,IL32,C1QB,-0.912844301715553
833,FCER1A,C1QB,-0.15795594380544753
834,IL8,C1QB,-0.6351524814205021
835,LTF,C1QB,0.449639589017867
836,ARG1,C1QB,0.254463556783784
837,EGR1,C1QB,0.16834822495364307
838,CHIT1,C1QB,0.5004435794737531
839,CEACAM6,C1QB,0.4606059714225529
840,PTGS2,C1QB,-0.680846384318388
841,PTGDR2,C1QB,-0.3523249283677022
842,IL3RA,C1QB,-0.4717583889561748
843,FLT3,C1QB,0.4144802974577904
844,CEACAM8,C1QB,0.457160338390909
845,IDO1,C1QB,0.2687570296415348
846,FN1,C1QB,-0.3104485518772795
847,FOS,C1QB,-0.32042120278844105
848,C3AR1,C1QB,-0.3652970318953638
849,EGR2,C1QB,-0.5232360107307
850,USP9Y,C1QB,0.6137771614511425
851,C1QB,C1QB,1.0
852,LCN2,C1QB,0.3365378397700558
853,CXCL1,C1QB,-0.6152589851940976
854,CTSG,C1QB,0.3313580632073639
855,SPACA3,C1QB,0.6576583982169432
856,CD27,C1QB,0.258301452155246
857,CAMP,C1QB,0.4218424886948819
858,LRRN3,C1QB,-0.09168665378203228
859,IL1R1,C1QB,0.3159339961569024
860,SLC11A1,C1QB,-0.2854380290406379
861,F2RL1,C1QB,-0.3812608900198409
862,SERPING1,C1QB,0.12885502432898058
863,TCF7,C1QB,0.4881179405101903
864,HLA-DRB4,LCN2,-0.18150882725324266
865,HLA-DQA1,LCN2,-0.4118535802561707
866,HLA-DQB1,LCN2,-0.3101560222885042
867,IL1R2,LCN2,0.8418904489340862
868,IL32,LCN2,-0.5534264785382214
869,FCER1A,LCN2,-0.8114567428777173
870,IL8,LCN2,-0.2478852850615296
871,LTF,LCN2,0.986011437474038
872,ARG1,LCN2,0.9480230065973504
873,EGR1,LCN2,0.9562979493120743
874,CHIT1,LCN2,0.9776323934316724
875,CEACAM6,LCN2,0.9898493731333076
876,PTGS2,LCN2,0.032493318042309934
877,PTGDR2,LCN2,-0.6832025261795379
878,IL3RA,LCN2,-0.3450572031869296
879,FLT3,LCN2,0.9662531650907248
880,CEACAM8,LCN2,0.9840743627150542
881,IDO1,LCN2,-0.7799770687828071
882,FN1,LCN2,0.01634582161691811
883,FOS,LCN2,0.5578812197379891
884,C3AR1,LCN2,-0.2704364756748625
885,EGR2,LCN2,0.060332217287644964
886,USP9Y,LCN2,0.9307530085129158
887,C1QB,LCN2,0.3365378397700558
888,LCN2,LCN2,1.0
889,CXCL1,LCN2,0.1988908728676457
890,CTSG,LCN2,0.9880652854728732
891,SPACA3,LCN2,0.9163426281523779
892,CD27,LCN2,-0.7826065754502899
893,CAMP,LCN2,0.9922894772597444
894,LRRN3,LCN2,-0.901839046487277
895,IL1R1,LCN2,0.9793385793848868
896,SLC11A1,LCN2,0.784612936482631
897,F2RL1,LCN2,0.7283922399532105
898,SERPING1,LCN2,-0.8329194987045385
899,TCF7,LCN2,-0.6313181035757071
900,HLA-DRB4,CXCL1,0.8822594985201239
901,HLA-DQA1,CXCL1,-0.9299457449963442
902,HLA-DQB1,CXCL1,-0.9243599339917437
903,IL1R2,CXCL1,0.11945785118309835
904,IL32,CXCL1,0.3924196561980844
905,FCER1A,CXCL1,0.09585660342780693
906,IL8,CXCL1,0.8838899416418503
907,LTF,CXCL1,0.03364915593602312
908,ARG1,CXCL1,0.05621066361366327
909,EGR1,CXCL1,0.38186841689479
910,CHIT1,CXCL1,0.10207422566367144
911,CEACAM6,CXCL1,0.08297007178399843
912,PTGS2,CXCL1,0.9857512640858144
913,PTGDR2,CXCL1,0.22819313606304745
914,IL3RA,CXCL1,0.7716617445785671
915,FLT3,CXCL1,-0.033556077685415533
916,CEACAM8,CXCL1,0.035285711374352886
917,IDO1,CXCL1,-0.4875543444584896
918,FN1,CXCL1,-0.2553070953028654
919,FOS,CXCL1,0.8908609294564414
920,C3AR1,CXCL1,-0.4482468306827466
921,EGR2,CXCL1,0.5560676800241717
922,USP9Y,CXCL1,0.034159380898664334
923,C1QB,CXCL1,-0.6152589851940976
924,LCN2,CXCL1,0.1988908728676457
925,CXCL1,CXCL1,1.0
926,CTSG,CXCL1,0.11416762898410852
927,SPACA3,CXCL1,-0.03620615238983303
928,CD27,CXCL1,-0.7312898512935201
929,CAMP,CXCL1,0.09081369414464756
930,LRRN3,CXCL1,-0.5002796758651513
931,IL1R1,CXCL1,0.3365065010261737
932,SLC11A1,CXCL1,0.4890169252802803
933,F2RL1,CXCL1,0.6801891074766133
934,SERPING1,CXCL1,-0.4400345908319169
935,TCF7,CXCL1,-0.7243369377167563
936,HLA-DRB4,CTSG,-0.27059283412335844
937,HLA-DQA1,CTSG,-0.3686382331693344
938,HLA-DQB1,CTSG,-0.2060244835207241
939,IL1R2,CTSG,0.9047188647395648
940,IL32,CTSG,-0.5617471577231751
941,FCER1A,CTSG,-0.8881813136384082
942,IL8,CTSG,-0.3444100476968058
943,LTF,CTSG,0.9863174627271905
944,ARG1,CTSG,0.9842334546482016
945,EGR1,CTSG,0.911957493615852
946,CHIT1,CTSG,0.9505270746774328
947,CEACAM6,CTSG,0.9777105013732345
948,PTGS2,CTSG,-0.054199668356676174
949,PTGDR2,CTSG,-0.7787083947640906
950,IL3RA,CTSG,-0.4458427960298417
951,FLT3,CTSG,0.9870382270185174
952,CEACAM8,CTSG,0.9784122007338056
953,IDO1,CTSG,-0.8076009445079372
954,FN1,CTSG,0.1616150062920772
955,FOS,CTSG,0.4973824346293094
956,C3AR1,CTSG,-0.15303143260796825
957,EGR2,CTSG,-0.033736411832447036
958,USP9Y,CTSG,0.8923686843088884
959,C1QB,CTSG,0.3313580632073639
960,LCN2,CTSG,0.9880652854728732
961,CXCL1,CTSG,0.11416762898410852
962,CTSG,CTSG,1.0
963,SPACA3,CTSG,0.8838359832110136
964,CD27,CTSG,-0.7314205265713254
965,CAMP,CTSG,0.9927480215029352
966,LRRN3,CTSG,-0.8363465350939139
967,IL1R1,CTSG,0.945598696822555
968,SLC11A1,CTSG,0.7790393814586486
969,F2RL1,CTSG,0.6976803288039353
970,SERPING1,CTSG,-0.8610508794277415
971,TCF7,CTSG,-0.5956519400407025
972,HLA-DRB4,SPACA3,-0.31259253059609543
973,HLA-DQA1,SPACA3,-0.08950998711701877
974,HLA-DQB1,SPACA3,-0.18581985356707187
975,IL1R2,SPACA3,0.607883063685671
976,IL32,SPACA3,-0.7605658905867619
977,FCER1A,SPACA3,-0.6286340872032599
978,IL8,SPACA3,-0.3813825823275785
979,LTF,SPACA3,0.943847237724782
980,ARG1,SPACA3,0.8036470211415739
981,EGR1,SPACA3,0.8524011857443119
982,CHIT1,SPACA3,0.9792083938439412
983,CEACAM6,SPACA3,0.9601150407838738
984,PTGS2,SPACA3,-0.1885215977790957
985,PTGDR2,SPACA3,-0.5662107358471935
986,IL3RA,SPACA3,-0.3952057590049631
987,FLT3,SPACA3,0.8989082068393675
988,CEACAM8,SPACA3,0.952717171838769
989,IDO1,SPACA3,-0.464787923714156
990,FN1,SPACA3,-0.2397546716628969
991,FOS,SPACA3,0.3267329033084048
992,C3AR1,SPACA3,-0.4229119314956321
993,EGR2,SPACA3,-0.04122125387263703
994,USP9Y,SPACA3,0.9975234088828404
995,C1QB,SPACA3,0.6576583982169432
996,LCN2,SPACA3,0.9163426281523779
997,CXCL1,SPACA3,-0.03620615238983303
998,CTSG,SPACA3,0.8838359832110136
999,SPACA3,SPACA3,1.0
1000,CD27,SPACA3,-0.5453380727834598
1001,CAMP,SPACA3,0.9320794476927216
1002,LRRN3,SPACA3,-0.7977281889521503
1003,IL1R1,SPACA3,0.9027425458108804
1004,SLC11A1,SPACA3,0.5129214878558849
1005,F2RL1,SPACA3,0.4454907152136357
1006,SERPING1,SPACA3,-0.5535202615449827
1007,TCF7,SPACA3,-0.33540008267141264
1008,HLA-DRB4,CD27,-0.34693186504552137
1009,HLA-DQA1,CD27,0.8664078890519684
1010,HLA-DQB1,CD27,0.6895160504466333
1011,IL1R2,CD27,-0.675256099895875
1012,IL32,CD27,-0.003211267943465563
1013,FCER1A,CD27,0.5406164892732563
1014,IL8,CD27,-0.3376701013248909
1015,LTF,CD27,-0.6753785079129199
1016,ARG1,CD27,-0.6921614062998903
1017,EGR1,CD27,-0.8906373293004051
1018,CHIT1,CD27,-0.6890957592684729
1019,CEACAM6,CD27,-0.6970847899640411
1020,PTGS2,CD27,-0.6133918084928757
1021,PTGDR2,CD27,0.29304320623744595
1022,IL3RA,CD27,-0.1624730986092048
1023,FLT3,CD27,-0.6379670121219653
1024,CEACAM8,CD27,-0.6775613654466549
1025,IDO1,CD27,0.8668811978718198
1026,FN1,CD27,0.060072088515177376
1027,FOS,CD27,-0.8678062774589436
1028,C3AR1,CD27,0.2903156151684493
1029,EGR2,CD27,-0.4999457989408147
1030,USP9Y,CD27,-0.5973330053015311
1031,C1QB,CD27,0.258301452155246
1032,LCN2,CD27,-0.7826065754502899
1033,CXCL1,CD27,-0.7312898512935201
1034,CTSG,CD27,-0.7314205265713254
1035,SPACA3,CD27,-0.5453380727834598
1036,CD27,CD27,1.0
1037,CAMP,CD27,-0.7034137042230597
1038,LRRN3,CD27,0.922882930204252
1039,IL1R1,CD27,-0.8234250389268781
1040,SLC11A1,CD27,-0.9180106669356924
1041,F2RL1,CD27,-0.974833136281127
1042,SERPING1,CD27,0.8412238039216959
1043,TCF7,CD27,0.9509484162427344
1044,HLA-DRB4,CAMP,-0.2690656480398727
1045,HLA-DQA1,CAMP,-0.3155713644727385
1046,HLA-DQB1,CAMP,-0.22302894986072144
1047,IL1R2,CAMP,0.8499023092537238
1048,IL32,CAMP,-0.6331254207411178
1049,FCER1A,CAMP,-0.8375330203673357
1050,IL8,CAMP,-0.3480221997039629
1051,LTF,CAMP,0.9955504867045591
1052,ARG1,CAMP,0.9586348373412206
1053,EGR1,CAMP,0.9149925450758936
1054,CHIT1,CAMP,0.9786780609135268
1055,CEACAM6,CAMP,0.9942413699528828
1056,PTGS2,CAMP,-0.07740744586335338
1057,PTGDR2,CAMP,-0.7474551105742205
1058,IL3RA,CAMP,-0.4264193394667961
1059,FLT3,CAMP,0.9832298409325714
1060,CEACAM8,CAMP,0.9908984087136221
1061,IDO1,CAMP,-0.7419118887188975
1062,FN1,CAMP,0.06104795980182388
1063,FOS,CAMP,0.4810788623644159
1064,C3AR1,CAMP,-0.24264510162296754
1065,EGR2,CAMP,-0.049844269061676015
1066,USP9Y,CAMP,0.9388447523535174
1067,C1QB,CAMP,0.4218424886948819
1068,LCN2,CAMP,0.9922894772597444
1069,CXCL1,CAMP,0.09081369414464756
1070,CTSG,CAMP,0.9927480215029352
1071,SPACA3,CAMP,0.9320794476927216
1072,CD27,CAMP,-0.7034137042230597
1073,CAMP,CAMP,1.0
1074,LRRN3,CAMP,-0.8439670965390892
1075,IL1R1,CAMP,0.96062492619985
1076,SLC11A1,CAMP,0.7231441243810613
1077,F2RL1,CAMP,0.6478658257377076
1078,SERPING1,CAMP,-0.8085365033689159
1079,TCF7,CAMP,-0.5404375210977364
1080,HLA-DRB4,LRRN3,-0.11080326175649212
1081,HLA-DQA1,LRRN3,0.6178096358203882
1082,HLA-DQB1,LRRN3,0.5559894489508602
1083,IL1R2,LRRN3,-0.6443344012855611
1084,IL32,LRRN3,0.26132836125380154
1085,FCER1A,LRRN3,0.5698564389915547
1086,IL8,LRRN3,-0.10220182590286198
1087,LTF,LRRN3,-0.8397922119914835
1088,ARG1,LRRN3,-0.7642045050048949
1089,EGR1,LRRN3,-0.9863094505331412
1090,CHIT1,LRRN3,-0.8793700566618149
1091,CEACAM6,LRRN3,-0.8665982104846548
1092,PTGS2,LRRN3,-0.3623055342479589
1093,PTGDR2,LRRN3,0.3231565223119636
1094,IL3RA,LRRN3,0.03003001087936218
1095,FLT3,LRRN3,-0.7854313121511668
1096,CEACAM8,LRRN3,-0.8530534966129235
1097,IDO1,LRRN3,0.7338837392677893
1098,FN1,LRRN3,0.2478670660834029
1099,FOS,LRRN3,-0.7026093021946084
1100,C3AR1,LRRN3,0.3919303565359201
1101,EGR2,LRRN3,-0.4521625215454863
1102,USP9Y,LRRN3,-0.8333568301225274
1103,C1QB,LRRN3,-0.09168665378203228
1104,LCN2,LRRN3,-0.901839046487277
1105,CXCL1,LRRN3,-0.5002796758651513
1106,CTSG,LRRN3,-0.8363465350939139
1107,SPACA3,LRRN3,-0.7977281889521503
1108,CD27,LRRN3,0.922882930204252
1109,CAMP,LRRN3,-0.8439670965390892
1110,LRRN3,LRRN3,1.0
1111,IL1R1,LRRN3,-0.9245022007366284
1112,SLC11A1,LRRN3,-0.8510225348589864
1113,F2RL1,LRRN3,-0.8659983141681418
1114,SERPING1,LRRN3,0.7395821741066179
1115,TCF7,LRRN3,0.8143345519646228
1116,HLA-DRB4,IL1R1,-0.001320658599838988
1117,HLA-DQA1,IL1R1,-0.49584399775095594
1118,HLA-DQB1,IL1R1,-0.4817774789115701
1119,IL1R2,IL1R1,0.7680675021191739
1120,IL32,IL1R1,-0.558085175979929
1121,FCER1A,IL1R1,-0.7000476179663544
1122,IL8,IL1R1,-0.08217078385737504
1123,LTF,IL1R1,0.941612977818106
1124,ARG1,IL1R1,0.8794635313531667
1125,EGR1,IL1R1,0.9537381117655626
1126,CHIT1,IL1R1,0.963752745583281
1127,CEACAM6,IL1R1,0.9614441866525376
1128,PTGS2,IL1R1,0.17646644460608005
1129,PTGDR2,IL1R1,-0.6059877153576672
1130,IL3RA,IL1R1,-0.16061986615622528
1131,FLT3,IL1R1,0.8985423676759167
1132,CEACAM8,IL1R1,0.9404037203426856
1133,IDO1,IL1R1,-0.7573916616406924
1134,FN1,IL1R1,-0.11131801320578599
1135,FOS,IL1R1,0.6789687823148787
1136,C3AR1,IL1R1,-0.4437436812851997
1137,EGR2,IL1R1,0.07845886648781736
1138,USP9Y,IL1R1,0.9266319369904598
1139,C1QB,IL1R1,0.3159339961569024
1140,LCN2,IL1R1,0.9793385793848868
1141,CXCL1,IL1R1,0.3365065010261737
1142,CTSG,IL1R1,0.945598696822555
1143,SPACA3,IL1R1,0.9027425458108804
1144,CD27,IL1R1,-0.8234250389268781
1145,CAMP,IL1R1,0.96062492619985
1146,LRRN3,IL1R1,-0.9245022007366284
1147,IL1R1,IL1R1,1.0
1148,SLC11A1,IL1R1,0.7444005357907767
1149,F2RL1,IL1R1,0.7342186719570559
1150,SERPING1,IL1R1,-0.8213036740684267
1151,TCF7,IL1R1,-0.6402947637040081
1152,HLA-DRB4,SLC11A1,0.02361844609750615
1153,HLA-DQA1,SLC11A1,-0.7305502708189515
1154,HLA-DQB1,SLC11A1,-0.3571901828264831
1155,IL1R2,SLC11A1,0.8098570717574171
1156,IL32,SLC11A1,0.07573059338012927
1157,FCER1A,SLC11A1,-0.7429434021482407
1158,IL8,SLC11A1,0.04794424767777868
1159,LTF,SLC11A1,0.7181338189609097
1160,ARG1,SLC11A1,0.7985617653943586
1161,EGR1,SLC11A1,0.8646176298115767
1162,CHIT1,SLC11A1,0.6664883576688784
1163,CEACAM6,SLC11A1,0.7066448801230091
1164,PTGS2,SLC11A1,0.3652378069448126
1165,PTGDR2,SLC11A1,-0.4216987383370806
1166,IL3RA,SLC11A1,-0.17241116603759135
1167,FLT3,SLC11A1,0.7307903750740339
1168,CEACAM8,SLC11A1,0.7177517313850926
1169,IDO1,SLC11A1,-0.9178763107117948
1170,FN1,SLC11A1,0.22335785219517715
1171,FOS,SLC11A1,0.6367505846999202
1172,C3AR1,SLC11A1,0.0859550249844901
1173,EGR2,SLC11A1,0.4843299643951164
1174,USP9Y,SLC11A1,0.5483037023449274
1175,C1QB,SLC11A1,-0.2854380290406379
1176,LCN2,SLC11A1,0.784612936482631
1177,CXCL1,SLC11A1,0.4890169252802803
1178,CTSG,SLC11A1,0.7790393814586486
1179,SPACA3,SLC11A1,0.5129214878558849
1180,CD27,SLC11A1,-0.9180106669356924
1181,CAMP,SLC11A1,0.7231441243810613
1182,LRRN3,SLC11A1,-0.8510225348589864
1183,IL1R1,SLC11A1,0.7444005357907767
1184,SLC11A1,SLC11A1,1.0
1185,F2RL1,SLC11A1,0.9714156903150696
1186,SERPING1,SLC11A1,-0.8616772421351953
1187,TCF7,SLC11A1,-0.9488996647545817
1188,HLA-DRB4,F2RL1,0.2573921321732589
1189,HLA-DQA1,F2RL1,-0.8599574778560941
1190,HLA-DQB1,F2RL1,-0.5597492922674713
1191,IL1R2,F2RL1,0.7114898747599347
1192,IL32,F2RL1,0.14632884873018245
1193,FCER1A,F2RL1,-0.5973821766876234
1194,IL8,F2RL1,0.27639920984309857
1195,LTF,F2RL1,0.628594365145854
1196,ARG1,F2RL1,0.6933821973726373
1197,EGR1,F2RL1,0.8448111278381184
1198,CHIT1,F2RL1,0.6082244229739903
1199,CEACAM6,F2RL1,0.6341454459730301
1200,PTGS2,F2RL1,0.5700365314728357
1201,PTGDR2,F2RL1,-0.2936618052413586
1202,IL3RA,F2RL1,0.06465164512818798
1203,FLT3,F2RL1,0.6175543237609677
1204,CEACAM8,F2RL1,0.6295272412906892
1205,IDO1,F2RL1,-0.8990500188111497
1206,FN1,F2RL1,0.09409306044071987
1207,FOS,F2RL1,0.7809952233763147
1208,C3AR1,F2RL1,-0.07442998579409707
1209,EGR2,F2RL1,0.5564524397552256
1210,USP9Y,F2RL1,0.4941469130297166
1211,C1QB,F2RL1,-0.3812608900198409
1212,LCN2,F2RL1,0.7283922399532105
1213,CXCL1,F2RL1,0.6801891074766133
1214,CTSG,F2RL1,0.6976803288039353
1215,SPACA3,F2RL1,0.4454907152136357
1216,CD27,F2RL1,-0.974833136281127
1217,CAMP,F2RL1,0.6478658257377076
1218,LRRN3,F2RL1,-0.8659983141681418
1219,IL1R1,F2RL1,0.7342186719570559
1220,SLC11A1,F2RL1,0.9714156903150696
1221,F2RL1,F2RL1,1.0
1222,SERPING1,F2RL1,-0.8425945099554032
1223,TCF7,F2RL1,-0.9905450702322162
1224,HLA-DRB4,SERPING1,-0.06896664030977902
1225,HLA-DQA1,SERPING1,0.7110173106787087
1226,HLA-DQB1,SERPING1,0.4111839694229413
1227,IL1R2,SERPING1,-0.9406343662166329
1228,IL32,SERPING1,0.22218081354439626
1229,FCER1A,SERPING1,0.8380104956874213
1230,IL8,SERPING1,0.010477061374533737
1231,LTF,SERPING1,-0.767860016531246
1232,ARG1,SERPING1,-0.8845732789654414
1233,EGR1,SERPING1,-0.7878045547813928
1234,CHIT1,SERPING1,-0.7023056162493363
1235,CEACAM6,SERPING1,-0.7549727547415007
1236,PTGS2,SERPING1,-0.29802464888142804
1237,PTGDR2,SERPING1,0.7368392485259629
1238,IL3RA,SERPING1,0.16472406037137724
1239,FLT3,SERPING1,-0.7874213549319476
1240,CEACAM8,SERPING1,-0.7449525898238778
1241,IDO1,SERPING1,0.9844639836388356
1242,FN1,SERPING1,-0.3935250330771783
1243,FOS,SERPING1,-0.7386638251670888
1244,C3AR1,SERPING1,0.04972380461079741
1245,EGR2,SERPING1,-0.022417651702046255
1246,USP9Y,SERPING1,-0.5850919122066873
1247,C1QB,SERPING1,0.12885502432898058
1248,LCN2,SERPING1,-0.8329194987045385
1249,CXCL1,SERPING1,-0.4400345908319169
1250,CTSG,SERPING1,-0.8610508794277415
1251,SPACA3,SERPING1,-0.5535202615449827
1252,CD27,SERPING1,0.8412238039216959
1253,CAMP,SERPING1,-0.8085365033689159
1254,LRRN3,SERPING1,0.7395821741066179
1255,IL1R1,SERPING1,-0.8213036740684267
1256,SLC11A1,SERPING1,-0.8616772421351953
1257,F2RL1,SERPING1,-0.8425945099554032
1258,SERPING1,SERPING1,1.0
1259,TCF7,SERPING1,0.776346469950545
1260,HLA-DRB4,TCF7,-0.31572252603450424
1261,HLA-DQA1,TCF7,0.8820714782861175
1262,HLA-DQB1,TCF7,0.5663063977588911
1263,IL1R2,TCF7,-0.6290163838789807
1264,IL32,TCF7,-0.2770439026466567
1265,FCER1A,TCF7,0.5102992767020141
1266,IL8,TCF7,-0.3559820556305526
1267,LTF,TCF7,-0.5229257081293658
1268,ARG1,TCF7,-0.5960115173405898
1269,EGR1,TCF7,-0.7780696062310508
1270,CHIT1,TCF7,-0.5044482517887056
1271,CEACAM6,TCF7,-0.5291906464519557
1272,PTGS2,TCF7,-0.6324415169938571
1273,PTGDR2,TCF7,0.17979543440338974
1274,IL3RA,TCF7,-0.1343355087952647
1275,FLT3,TCF7,-0.5124366281754251
1276,CEACAM8,TCF7,-0.5262889111837633
1277,IDO1,TCF7,0.8528360268352002
1278,FN1,TCF7,-0.08018897317050631
1279,FOS,TCF7,-0.7623976814757095
1280,C3AR1,TCF7,0.032893802665505886
1281,EGR2,TCF7,-0.6426033099902227
1282,USP9Y,TCF7,-0.3871962166793559
1283,C1QB,TCF7,0.4881179405101903
1284,LCN2,TCF7,-0.6313181035757071
1285,CXCL1,TCF7,-0.7243369377167563
1286,CTSG,TCF7,-0.5956519400407025
1287,SPACA3,TCF7,-0.33540008267141264
1288,CD27,TCF7,0.9509484162427344
1289,CAMP,TCF7,-0.5404375210977364
1290,LRRN3,TCF7,0.8143345519646228
1291,IL1R1,TCF7,-0.6402947637040081
1292,SLC11A1,TCF7,-0.9488996647545817
1293,F2RL1,TCF7,-0.9905450702322162
1294,SERPING1,TCF7,0.776346469950545
1295,TCF7,TCF7,1.0
